blog_id,user_id,blog_title,blog_content,created_at,updated_at
1,1,owner,Beautiful long alone staff building.,1976-02-16 00:28:52.908207,1995-09-19 03:26:08.200020
2,2,style,Oil leader piece film network sense.,2011-04-09 16:21:35.745448,2022-11-11 17:50:29.364250
3,3,war,Argue win social notice upon think.,2001-04-21 09:26:08.106348,2003-01-05 00:13:38.905457
4,4,level,Outside add large.,2014-12-25 17:18:51.419853,2013-12-15 18:25:50.585061
5,5,administration,Policy loss our rest cup peace.,2022-07-09 05:19:54.202242,1971-05-04 12:41:16.200565
6,6,a,Science trouble impact according those avoid identify.,2023-04-29 04:12:06.908767,1993-12-21 03:14:35.921983
7,7,into,Here poor else pick.,1970-06-27 11:04:00.720599,1995-01-20 06:25:00.283636
8,8,talk,Sound happen knowledge indeed task short.,2008-05-06 04:46:24.071576,1990-02-10 10:54:44.551247
9,9,represent,Land before cause court bank property skill.,2019-02-14 07:32:35.451626,1989-09-19 06:29:51.583416
10,10,remember,Media six voice stay maintain.,1977-11-12 14:00:41.630564,2000-01-02 06:16:23.281290
11,11,center,While really professor TV bad true stand issue.,2019-02-23 23:59:38.670227,1974-02-09 03:39:46.752756
12,12,father,Pattern particular wait simple.,2016-11-28 01:17:58.681911,1978-11-15 06:24:54.656028
13,13,go,Claim interesting knowledge including happen two market build.,1983-04-15 22:53:58.824839,1988-11-06 22:15:43.896284
14,14,city,Shoulder suddenly feel hotel him speech.,2002-03-01 04:04:26.666144,2009-02-10 18:41:29.163144
15,15,probably,Example value fill black at give detail.,2019-08-07 04:28:54.846339,1978-05-12 00:55:21.292986
16,16,story,Heavy join generation determine poor region north.,1985-02-04 12:21:00.550655,2018-04-09 16:04:08.276283
17,17,particular,Both subject product method early.,2004-05-05 20:22:37.684966,1999-02-15 00:09:16.253641
18,18,home,Only country say music.,1978-03-23 11:12:58.178388,1994-12-17 13:12:53.916246
19,19,few,Right beyond must born several.,1994-07-22 16:32:23.699639,2007-09-25 01:08:49.122827
20,20,yourself,Maybe majority receive ask deal.,2023-09-12 01:50:50.027873,1979-02-07 05:27:42.231266
21,21,myself,Hair lose toward surface majority focus throughout war.,1988-12-19 22:25:34.578900,1976-06-23 00:17:45.329074
22,22,through,Himself analysis now network require simply kid outside.,2019-09-11 23:18:50.149709,2015-01-17 14:50:23.545296
23,23,first,Public minute peace my letter remember small.,1992-07-08 04:40:24.795655,2014-09-30 08:28:55.924533
24,24,center,Where case people begin artist wide along black.,2011-06-26 16:23:55.058898,2016-07-29 12:51:36.771448
25,25,money,Sound exactly record price.,2016-10-27 03:36:03.176114,2009-04-09 06:17:47.225585
26,26,paper,Ever gas still show claim happy.,1982-10-25 02:24:44.190512,1997-02-25 02:26:50.567450
27,27,again,Star new of try individual affect season.,2008-10-10 09:45:34.962917,1977-08-21 20:34:11.046346
28,28,agree,World fly law everybody.,2017-03-17 12:41:08.345578,1981-02-08 23:48:06.248183
29,29,result,Have example media baby project well.,1994-06-07 12:52:35.020415,1979-01-22 20:39:40.955968
30,30,tax,Believe heavy much such nature wind.,1970-06-27 00:31:04.163183,2007-01-26 03:46:22.366614
31,31,detail,Hospital office near rest free nor.,2002-12-11 01:02:12.967141,2012-11-03 09:42:38.496735
32,32,provide,Name almost artist ten.,2008-08-14 11:09:37.129270,1990-06-29 21:15:44.521459
33,33,baby,Seek reality office receive coach environmental.,1980-11-10 00:33:40.624306,1982-07-01 05:45:39.887536
34,34,hair,Meet air sing too result.,1998-01-06 22:33:50.898509,1980-08-28 13:39:59.269520
35,35,mean,Pm upon into away not born significant.,1973-10-18 02:16:28.343488,1972-08-01 04:55:40.390846
36,36,bad,Senior employee history stop north.,1978-06-25 11:50:55.813715,2015-10-16 15:49:41.849933
37,37,enjoy,Kind white case parent enough spring section.,1991-08-22 08:32:44.905849,2020-07-16 10:53:04.174610
38,38,knowledge,Face lose myself door hold or.,2003-02-27 21:52:15.126308,2010-04-01 11:59:21.322712
39,39,else,Range appear couple challenge land police Democrat.,1982-03-29 03:30:59.566152,1978-03-09 10:43:11.705869
40,40,develop,Relate measure police sit live shoulder media.,1994-06-03 08:25:16.699221,2021-12-10 23:36:30.069652
41,41,production,Road loss concern money dark method indicate.,1996-05-16 21:54:13.429924,1995-10-16 14:43:32.090178
42,42,approach,Day out list visit stage whose include.,2004-11-12 02:29:18.176507,1975-09-23 21:53:52.862534
43,43,bill,Unit area subject lose.,1971-05-12 18:44:38.498463,2006-05-02 01:31:30.516082
44,44,full,Ahead compare usually job available probably.,2021-04-28 23:31:57.040382,1983-04-04 17:22:24.517353
45,45,loss,Yard themselves onto inside question carry.,1984-09-30 01:37:33.018022,2006-05-25 10:45:16.122646
46,46,degree,Attorney attorney consider which family.,1979-01-21 00:30:33.450269,1972-03-27 00:44:28.373643
47,47,media,Defense road world near five.,2022-04-08 17:02:02.011905,1983-01-07 13:19:41.604956
48,48,nice,Property impact cost power assume power sea.,2007-04-04 03:59:16.314703,1988-01-27 10:58:29.642133
49,49,face,Hospital down coach tend evidence company fill.,1985-11-30 16:34:49.185008,1993-07-10 05:18:20.246951
50,50,interview,Push left purpose cut.,1992-09-16 18:22:35.704624,1977-06-22 02:24:48.988797
51,51,boy,Whole doctor car city music relationship.,1996-09-26 00:54:22.509451,2010-09-24 12:09:11.624431
52,52,pretty,Purpose actually image old summer.,1980-10-26 12:03:31.623974,2011-01-02 12:43:57.645090
53,53,you,Everyone what purpose actually report body interesting it.,2010-08-27 10:14:05.187504,2021-05-09 08:27:11.191631
54,54,loss,Increase summer well prove.,1990-01-06 09:00:21.232780,2001-06-12 20:03:56.962733
55,55,defense,Ago book although into.,2014-06-24 17:51:46.306743,1982-06-01 21:53:20.569082
56,56,travel,Condition window section by.,2018-02-01 14:43:36.692911,1995-04-25 02:17:47.363603
57,57,sea,Character various participant people majority day commercial.,2007-10-29 13:44:16.514174,2014-09-04 12:48:10.482323
58,58,prove,Him own two yes accept return trade.,2021-09-01 17:13:45.151477,2011-03-16 00:04:53.086908
59,59,choice,Political major act over run standard agreement.,2006-11-28 17:23:56.787707,1979-10-28 05:35:05.663066
60,60,new,Mother not painting perform success perhaps list.,1996-12-14 13:07:13.932112,1988-02-24 21:40:07.898337
61,61,to,Include himself dream I.,2021-11-07 00:12:13.869043,2004-02-21 16:01:12.370102
62,62,account,Already team course.,2011-03-09 22:44:01.589823,2022-09-07 11:14:53.652644
63,63,southern,Laugh about put role.,1975-09-13 02:26:53.072744,2023-03-06 14:19:27.434669
64,64,meet,East group energy player technology.,1974-05-19 05:04:26.196375,1999-04-08 20:02:59.857935
65,65,Congress,Read pass more really far most raise.,2008-03-23 17:10:30.674755,2006-12-12 21:13:52.869896
66,66,early,Responsibility no cover red quickly health.,2005-12-27 22:24:04.045002,2008-04-14 10:11:10.933051
67,67,official,Magazine half cut expert community medical.,2024-01-05 02:46:02.289470,2013-04-13 20:33:09.734509
68,68,student,Item teach buy southern soldier address agent.,1989-09-08 16:48:17.606201,2012-05-19 12:08:09.701050
69,69,series,Statement success dinner why fund.,1995-06-15 20:15:28.707155,1985-10-24 20:20:02.954036
70,70,recognize,Join size great maybe share.,2013-10-12 16:35:02.087366,2003-08-31 11:49:43.104466
71,71,these,Exactly position after loss gas.,1999-03-29 22:25:48.855917,1984-08-03 13:40:19.274319
72,72,small,Site discuss make card.,2011-10-27 12:41:01.648928,2014-12-19 09:19:07.938087
73,73,record,Operation unit responsibility make central or eight.,2015-08-27 11:53:00.531371,1973-11-05 03:57:37.179731
74,74,production,Building which imagine century happen.,1998-10-29 08:33:08.699822,1978-12-01 18:59:14.274596
75,75,rest,Plan subject agreement some good watch.,2023-02-09 06:09:39.095409,1996-06-27 02:47:54.993777
76,76,success,Today unit perhaps recently down thing candidate.,1972-04-11 17:04:21.893058,1972-11-09 14:01:12.298882
77,77,until,Mention about movement surface.,2015-06-10 19:48:13.028068,1999-12-24 11:09:31.626081
78,78,who,Western fear evidence security structure leader themselves five.,1991-04-12 19:49:41.440567,2001-01-17 13:26:04.662151
79,79,professor,Door station hold at.,2010-06-03 14:31:49.622106,1981-11-17 12:57:13.127888
80,80,after,Event news thing important piece drop appear.,1976-06-05 05:16:55.752853,2000-03-03 03:04:44.118022
81,81,far,Top opportunity decade campaign must property cell.,1982-07-24 02:22:52.110456,1982-02-13 23:10:22.556773
82,82,teach,Quite occur herself crime week.,1986-07-20 14:51:53.858620,1983-06-19 09:17:14.419102
83,83,information,Officer people customer shoulder through.,2007-11-05 13:19:50.233999,1976-07-08 11:08:53.250233
84,84,hair,Bad drug might claim.,2006-05-17 16:13:38.323933,1992-10-04 07:30:59.935406
85,85,movie,Design by black minute remain relationship energy.,2023-09-21 17:09:20.116620,2011-11-03 02:57:24.933118
86,86,hour,More international trouble its strong.,1976-12-31 11:24:15.128097,2016-09-19 12:39:52.049263
87,87,rise,Responsibility learn father especially drug ask into star.,1975-06-14 20:17:21.400391,1975-07-05 19:43:12.570246
88,88,democratic,Glass character official structure interesting natural.,2004-02-21 02:54:45.257801,2003-09-19 20:10:41.991082
89,89,receive,Activity newspaper be candidate not parent.,2013-09-16 04:20:21.840960,2010-01-13 01:22:56.293134
90,90,stay,Agency resource herself know end.,1985-09-07 06:02:00.832579,2011-10-20 06:32:18.947254
91,91,subject,Later experience image pick.,2013-09-20 12:16:25.710342,1993-07-31 15:03:06.782619
92,92,remain,Become stand receive Republican machine military.,2020-08-04 15:20:28.722595,1985-05-07 11:47:03.510366
93,93,tell,Old wonder yes.,1987-12-12 23:11:41.132874,2017-08-19 05:26:54.742478
94,94,yourself,Member stay computer reason author model control.,2005-06-20 09:41:07.234689,1977-07-19 08:40:57.126436
95,95,by,Way other white issue.,1990-07-03 22:42:34.662157,2013-04-16 23:17:22.550430
96,96,space,Difficult break story accept.,2002-05-11 09:25:19.968373,1982-10-05 21:47:24.492528
97,97,let,Thing it return real.,1995-11-20 07:25:14.411308,1988-05-27 12:53:23.564212
98,98,that,Onto focus actually future walk southern high.,2020-12-15 10:27:50.297379,2012-01-04 09:54:37.188297
99,99,especially,Stand event risk according up.,2015-09-15 23:26:49.953537,2014-06-26 02:44:29.002426
100,100,fast,Experience people democratic speech money.,1983-01-02 13:52:29.076431,1986-04-15 07:35:23.301763
