user_id,first_name,last_name,email,created_at,updated_at
1,Shawn,Ferguson,isilva@example.org,1975-09-23 06:51:35.062370,1997-01-29 03:45:32.065528
2,Daniel,Reynolds,nguyensuzanne@example.org,2022-02-17 05:49:56.833814,1973-03-07 14:16:30.673091
3,Samuel,Mathews,mathewsalicia@example.com,1996-05-20 09:39:20.870896,2016-02-16 15:47:22.327026
4,Jonathan,Lucas,slong@example.com,1993-03-15 11:31:04.184171,2003-09-07 17:30:01.748469
5,Timothy,Fisher,hmcconnell@example.org,1999-02-22 18:32:55.376500,2014-04-06 23:05:11.372514
6,Willie,Torres,juliegreen@example.com,2000-07-03 20:52:23.363466,2000-10-08 10:24:22.700260
7,Michael,Casey,ylarsen@example.com,1985-11-08 13:55:24.390687,2007-09-28 16:01:24.453003
8,Corey,Walters,adrian22@example.net,1972-01-30 00:14:07.623441,2006-08-02 14:23:27.628657
9,Aaron,Johnson,bguzman@example.org,1984-06-22 12:44:10.048090,1979-09-21 19:24:13.051299
10,Laura,Hernandez,randy49@example.com,2020-09-04 06:19:29.459013,1978-01-08 07:15:33.042740
11,Victoria,Scott,stonemary@example.net,1987-02-20 18:44:36.770924,1999-12-05 21:06:11.528976
12,Sharon,Gates,jensenanthony@example.org,1986-08-08 06:06:17.824393,1984-09-27 18:46:27.974952
13,Destiny,Cross,dennisboyle@example.com,1970-08-11 04:11:33.885608,2005-09-18 13:49:45.858254
14,Douglas,Hall,elliottsteven@example.net,2023-01-25 20:10:09.406933,2015-05-17 14:19:49.156328
15,Abigail,Carson,kevin70@example.net,1997-06-11 12:54:43.494914,1973-10-08 11:31:09.090691
16,Shane,Robinson,lauriecruz@example.org,1980-09-13 20:31:59.543628,2022-08-24 04:24:32.637843
17,Sabrina,Taylor,rachel78@example.net,1976-09-20 06:18:25.652689,1970-07-09 08:00:13.285764
18,Melissa,Leonard,jacqueline34@example.net,1995-02-22 05:00:30.613539,1980-10-02 01:24:17.248831
19,Alyssa,Lopez,yklein@example.org,2005-10-01 00:15:38.379187,1997-03-26 06:23:47.576242
20,Logan,Stevens,angela71@example.com,1997-04-09 23:16:58.631426,1982-03-28 02:09:38.253633
21,David,Gentry,mallorydavis@example.org,2000-09-29 03:08:45.340384,1985-08-11 01:38:05.859189
22,David,Martinez,moraleskatherine@example.org,1970-12-08 10:17:06.266807,2022-10-07 06:37:38.557191
23,Emily,Christensen,hhull@example.net,1977-11-08 18:15:15.042257,1996-02-27 14:20:19.697680
24,Jeffrey,Rowe,henrycarla@example.com,2016-05-16 13:12:04.257378,2012-04-30 11:16:48.446096
25,Patricia,Cole,mcohen@example.net,1976-09-10 10:05:46.039634,1985-06-24 10:32:43.006982
26,Terri,Spencer,brittanygutierrez@example.com,2003-10-17 11:18:35.731622,1992-01-12 13:23:01.890303
27,Joseph,Bradley,jenniferhorton@example.net,2018-11-25 18:46:01.301707,1986-07-26 19:49:37.007383
28,Sarah,Alexander,pamelacook@example.net,1980-09-28 11:49:39.712868,1982-06-04 20:14:32.266346
29,Emily,Lin,john06@example.net,2023-02-27 08:54:26.588278,1975-09-10 07:18:06.491659
30,Breanna,Sanchez,nicholas09@example.org,2003-11-12 01:56:13.806436,2004-03-20 18:49:57.376907
31,Emma,Perez,paul25@example.net,2004-05-10 16:18:14.837066,1984-08-24 01:00:38.815200
32,Rhonda,Smith,deborah66@example.com,1998-10-02 13:02:17.932747,1993-12-11 12:04:02.909317
33,Angela,Mata,goodwinamanda@example.com,1999-08-04 19:44:06.797877,2019-01-29 17:42:39.248388
34,Andrew,Oliver,robertduke@example.org,2016-12-14 12:37:46.970055,2021-03-18 17:45:19.557299
35,Joanne,Mueller,louispollard@example.org,2000-06-23 00:15:36.888183,2003-05-30 03:26:32.318003
36,Thomas,Duncan,lawsonjenna@example.net,2020-12-30 05:59:53.062963,2009-08-22 22:42:32.763370
37,Jeffrey,Jackson,angelamurphy@example.net,1973-09-21 19:28:34.305792,1994-01-17 19:42:52.471564
38,Megan,Morgan,johnsonwilliam@example.com,1995-11-15 21:18:04.739466,1977-11-10 19:21:10.693556
39,Stephen,Cervantes,danielleosborn@example.org,2010-02-01 21:47:46.717054,1970-04-12 20:48:37.778833
40,Tiffany,Diaz,cgreen@example.org,2018-02-05 11:23:45.280474,2013-11-04 09:51:28.352524
41,Andrea,Sanchez,kerrymedina@example.net,1987-03-29 23:17:37.912528,2019-03-13 12:28:18.687738
42,Steven,Myers,tylerhowell@example.org,2008-03-31 01:36:25.269105,2018-02-20 04:25:05.011121
43,Jeremiah,Garcia,afox@example.org,1987-12-27 22:47:05.237648,1985-06-01 01:40:54.159405
44,Ashley,Price,petersondawn@example.net,2012-07-21 23:09:09.674319,2005-01-08 04:13:11.224377
45,Janet,Torres,ernestarroyo@example.net,1994-01-31 07:25:06.560308,1976-05-26 14:13:41.352973
46,Donna,Logan,kathrynpotts@example.org,1975-03-06 11:50:05.131904,1981-08-09 09:53:46.299932
47,Ashley,Gray,kenneth08@example.org,2018-10-20 13:08:28.938074,2017-04-06 00:07:38.572078
48,Tracey,Ross,hsmith@example.com,1989-02-26 07:07:14.459590,2003-06-11 09:24:58.575574
49,Emily,Black,richardwhite@example.org,2007-11-12 22:05:18.331790,1971-02-10 10:25:34.566245
50,Vanessa,Mckenzie,glenn94@example.com,2007-02-10 19:18:25.459085,2003-10-25 23:10:25.042476
51,Chelsea,Rodriguez,vanessa66@example.net,2016-12-19 15:10:12.471788,2011-12-05 02:32:51.010136
52,Jessica,Jones,arthurbest@example.org,2004-04-22 03:59:10.738255,1976-11-24 00:05:07.867169
53,Joseph,Mcdowell,hernandezchristine@example.net,1992-05-01 11:43:13.597417,2014-04-06 12:07:43.295041
54,Cameron,Bowers,cliffordkerr@example.com,2001-05-13 21:56:34.669582,1988-07-19 11:25:38.629850
55,Leonard,Ryan,melissarogers@example.net,2012-11-08 10:51:18.112386,1970-01-10 06:46:32.638635
56,Adam,Long,christopherhart@example.net,1997-04-25 09:20:09.596782,2007-12-05 10:39:12.110461
57,Amber,Jacobs,jennifer09@example.com,1985-06-09 09:47:10.488009,2004-07-04 21:52:21.569112
58,David,Smith,jesse61@example.com,2001-02-03 22:23:42.320683,2021-10-05 19:51:54.905193
59,Elizabeth,Rowe,mbaker@example.org,1977-11-19 10:52:51.662928,1997-04-07 17:40:42.604613
60,Renee,Reed,wsmith@example.org,2009-05-29 17:24:59.479474,2002-01-06 00:57:09.685938
61,Darryl,Moore,johnsonmatthew@example.net,2020-08-12 05:44:54.945762,2023-11-10 08:05:34.441363
62,Grace,Thomas,adriankelly@example.net,1976-07-28 03:12:24.158096,1973-01-18 06:34:25.880073
63,Dawn,Horton,perezshari@example.com,2016-07-19 23:03:30.851910,2020-02-21 06:48:14.918123
64,Jon,Simmons,leethompson@example.net,1990-06-13 20:35:22.512860,2021-02-20 10:04:10.913112
65,Joseph,Daniel,jenkinsjocelyn@example.net,2009-03-07 07:08:52.325161,2014-11-18 18:46:48.803003
66,Martha,Smith,hannah80@example.com,1977-01-16 01:51:05.435176,1978-12-26 08:14:05.039666
67,Catherine,Simmons,kristenriggs@example.com,1976-07-23 14:40:36.850811,1985-07-21 10:00:39.487274
68,Kristin,Gallegos,leroyprice@example.net,1977-01-12 18:26:08.216149,2015-05-21 11:20:18.450080
69,Emily,Macdonald,lmiller@example.com,2001-05-18 17:32:24.038360,1981-11-13 02:23:20.205866
70,Jonathan,Jackson,jonesdouglas@example.org,1986-07-03 12:14:22.361894,2023-09-25 23:43:36.504261
71,Hannah,Cooke,deborah59@example.org,1999-10-20 18:07:13.420305,2008-08-03 22:16:36.901763
72,Gregory,Gibson,joseleach@example.org,1980-01-28 05:58:04.052177,2015-10-24 06:11:22.711800
73,Kevin,Simmons,bpetersen@example.com,2013-04-09 04:06:59.596673,2010-03-19 14:19:48.642599
74,Richard,Doyle,omurray@example.net,2016-11-16 21:20:04.076626,1987-03-05 04:24:35.897088
75,Brent,Bennett,fischerrussell@example.com,2023-03-30 22:14:31.350523,2020-05-12 23:22:01.326266
76,Julia,Howell,mcmahondanielle@example.com,1988-08-08 03:53:42.247088,2015-02-04 08:48:30.659540
77,Kathleen,Brooks,hjones@example.org,2023-08-29 08:40:58.118469,1972-08-20 03:01:32.734800
78,Dean,Stone,michellehull@example.com,2001-02-27 14:49:45.969529,2008-02-20 14:38:13.755782
79,Ashley,Bass,christopher12@example.org,1989-04-18 17:36:24.085572,2009-12-25 15:59:02.799526
80,Brittney,Collins,nelsonkyle@example.org,2004-06-08 01:11:41.157486,2010-12-02 23:45:55.526940
81,Cody,Taylor,watkinsrandall@example.org,2022-10-01 20:59:14.646470,2006-06-05 00:19:18.569394
82,Joann,Johnston,vdavis@example.com,2008-03-25 14:07:39.941117,2007-05-28 21:04:41.253131
83,Monica,Thompson,hgay@example.com,1970-07-04 15:31:23.906620,1984-09-16 11:29:04.528983
84,Melissa,Lee,sharon02@example.com,2008-12-01 10:44:47.786514,1980-08-20 05:52:21.926957
85,Diane,Greene,erinandrews@example.org,1981-04-15 00:14:39.229102,1970-01-12 05:21:32.952753
86,Amber,Hamilton,bmercer@example.org,2023-11-16 15:26:45.968504,1989-11-13 18:00:02.414277
87,Jermaine,Ramos,cory91@example.net,1986-08-05 03:45:09.085172,1989-06-09 08:02:32.255067
88,Ryan,Miller,jamesdavidson@example.com,1989-07-23 20:31:21.279420,1983-10-14 19:08:16.087831
89,Taylor,Simmons,christopherrobinson@example.net,2019-12-05 03:22:40.223897,2013-04-04 04:39:26.795707
90,Lauren,Russell,kristin15@example.org,1982-03-02 22:32:20.839538,2013-02-01 03:46:08.026229
91,Daniel,Myers,stephen31@example.net,1990-09-19 22:37:12.721421,1973-11-26 13:17:39.467202
92,Miguel,Vance,andreasnyder@example.org,2020-06-12 18:39:02.223533,2020-03-19 11:05:49.192782
93,Courtney,Orozco,kevin69@example.org,2006-11-22 19:18:10.513365,1997-03-02 23:54:06.690855
94,Natasha,Terry,joangilbert@example.net,2002-11-14 03:05:49.236346,2005-06-21 02:49:11.777183
95,Lauren,Stewart,scottellis@example.org,1978-02-03 20:41:07.085216,1970-12-30 09:30:43.262240
96,Nicholas,Adams,jameshill@example.com,2017-09-22 15:25:38.437773,1993-09-29 17:22:29.358955
97,Jonathon,Mann,nathangarcia@example.com,2019-03-22 21:05:06.001653,2022-04-09 00:20:47.836183
98,Connor,Sampson,griffithamanda@example.net,1992-07-16 00:07:30.246673,2000-05-18 19:56:12.208284
99,Latoya,Delgado,sararobinson@example.org,1992-08-14 19:35:35.184810,1982-12-16 05:44:41.009872
100,Kim,Carter,joseph38@example.org,1978-09-15 08:25:10.635432,1999-05-04 11:29:14.700725
