blog_id,user_id,title,content,created_at,updated_at
1,1,Business-focused dedicated Graphical User Interface,Author tax quickly expert meeting.,2021-08-08 00:16:23.156187,2008-08-26 04:49:42.565628
2,2,Configurable context-sensitive process improvement,Quality after process.,1995-04-17 20:00:02.453042,2004-05-21 14:12:47.127106
3,3,Down-sized analyzing hardware,Adult put adult anything receive.,1972-12-10 06:38:01.471481,2021-10-23 06:40:47.654510
4,4,Total asymmetric standardization,Mrs enter reflect former.,2011-10-09 15:42:59.037041,2022-06-06 01:48:12.872313
5,5,Operative tertiary framework,Reveal section month wait positive market.,1994-02-18 20:55:19.020549,1990-01-28 08:43:42.783866
6,6,Robust executive matrices,Appear game traditional just among I.,1998-02-03 17:13:24.353218,2000-03-20 23:55:09.646361
7,7,Secured optimizing analyzer,Anything area serious see game traditional.,1997-12-28 14:35:37.159997,1983-01-10 22:40:10.819139
8,8,Re-contextualized tangible secured line,Employee I best smile organization peace.,1979-12-13 08:52:57.386491,1997-03-27 02:07:26.744784
9,9,Streamlined transitional firmware,Education can fight director family fill.,1993-01-02 08:11:18.322586,1988-06-07 10:11:35.048912
10,10,Focused 6thgeneration definition,Onto by degree no.,2005-08-04 07:37:28.748515,1971-11-04 19:31:30.293431
11,11,Universal full-range info-mediaries,Special bank begin.,2012-08-17 03:37:11.395499,2004-04-01 18:05:39.318914
12,12,Stand-alone web-enabled process improvement,Music culture fine small.,2001-08-12 17:40:15.785367,1997-12-21 23:30:05.012631
13,13,Fundamental grid-enabled encoding,Catch very especially light morning degree probably.,2022-01-02 17:26:50.437975,1998-01-05 11:47:39.213081
14,14,User-centric national portal,Early poor although nice when give not.,1989-05-29 14:39:06.277557,1971-12-25 00:14:55.741869
15,15,Profit-focused homogeneous implementation,Safe become rest trial those.,2023-09-03 08:40:18.158835,2016-02-22 07:06:39.275203
16,16,Programmable demand-driven hub,Consider mission Republican company movement.,1984-10-22 17:13:36.421584,2011-01-24 18:03:54.212487
17,17,Business-focused executive support,Carry certain create total.,2019-06-21 02:29:12.317130,2011-07-25 03:51:03.650926
18,18,Digitized 24/7 knowledgebase,It popular wall produce.,1975-08-20 07:54:41.599109,1990-09-02 15:13:12.137153
19,19,Switchable bifurcated attitude,Not letter plant drive.,1992-03-13 04:18:25.419285,1979-03-05 07:28:26.465156
20,20,Expanded static artificial intelligence,Artist resource whose machine statement close rich site.,2018-03-11 03:03:32.884261,1975-03-08 01:14:28.163920
21,21,Cloned next generation utilization,Ask protect case open tell.,2018-12-02 14:43:10.695540,2019-02-04 01:53:10.565722
22,22,Pre-emptive actuating frame,Against public per source entire.,1999-04-19 15:16:52.698545,1994-03-20 19:22:50.532386
23,23,Multi-layered contextually-based database,Lead father loss prepare new a from.,2000-10-27 19:32:44.494242,2011-11-30 15:13:25.036914
24,24,Customer-focused multi-tasking intranet,Rise myself child quality buy.,1975-05-16 11:53:36.989759,2002-12-19 22:12:55.024029
25,25,Profit-focused user-facing migration,Mean south ago score executive.,1990-02-23 16:53:12.851027,1971-03-13 12:16:56.817989
26,26,Managed stable benchmark,Value skin exactly husband hotel.,2003-12-28 07:14:13.667135,1981-12-20 15:15:55.701453
27,27,Optimized logistical moratorium,Financial nice require politics loss rise.,2008-02-15 05:11:53.766613,1993-12-17 12:21:14.235740
28,28,Profit-focused contextually-based process improvement,First even professional smile senior.,1990-09-15 23:56:30.570942,1997-12-22 00:09:52.482314
29,29,Robust responsive utilization,Reality develop and serve treat wonder cold.,1998-10-21 18:36:56.313439,1996-01-23 10:04:44.236234
30,30,Stand-alone stable service-desk,Gun enough lot along light choose see.,1980-11-06 03:26:57.041581,1992-10-10 06:39:46.355935
31,31,Self-enabling tangible definition,Company create perform would choose.,1977-12-01 17:16:16.952967,1993-08-29 05:58:24.661370
32,32,Multi-tiered dynamic groupware,Respond bring rather add really scene my note.,1996-11-09 21:01:39.006226,1981-08-13 13:39:39.759990
33,33,Enhanced zero administration flexibility,Add teacher site language who.,1980-05-14 07:47:37.174775,1995-03-25 14:39:03.070908
34,34,Fundamental zero administration architecture,Pull major success dark young.,1998-06-20 22:03:45.377068,1998-05-10 05:29:35.628563
35,35,Right-sized non-volatile groupware,Spend can music society listen these production owner.,1975-05-29 00:42:56.496742,2006-11-27 06:14:47.795947
36,36,Horizontal bandwidth-monitored emulation,Factor president according.,2019-07-02 05:59:53.193269,1988-10-23 02:36:41.771878
37,37,Focused multi-state pricing structure,Whatever way forget although compare girl rate.,1977-08-18 21:31:39.212916,1992-06-02 08:59:30.450984
38,38,Open-architected cohesive secured line,Team of way describe.,1985-08-18 06:26:12.381041,1995-09-16 02:02:07.325328
39,39,Sharable didactic standardization,Product individual same director society fire beat four.,1975-04-30 18:16:34.086221,1973-03-06 09:19:34.258196
40,40,Programmable analyzing process improvement,Crime same place young reveal media.,2006-07-27 05:40:09.716194,1995-09-05 02:48:25.108900
41,41,Reduced mission-critical open architecture,Mrs feel world practice represent improve camera.,1993-04-04 12:44:00.802920,2010-03-15 06:05:17.786946
42,42,Customizable regional implementation,Catch employee continue window long job method.,1985-09-01 18:29:18.919368,2015-09-20 16:05:25.423042
43,43,Expanded methodical implementation,Plant forget my message.,2007-03-25 21:34:58.034714,2021-12-01 22:10:58.453440
44,44,Ergonomic asynchronous circuit,Keep book create remember religious.,1976-12-08 07:33:22.836857,2011-03-04 18:31:35.673378
45,45,Realigned client-server Internet solution,Small interview watch contain adult whatever.,2009-11-23 19:46:21.272210,2017-09-26 22:48:30.710939
46,46,Centralized high-level policy,Lawyer off wrong arrive step into least.,1991-01-31 06:44:20.339708,1987-08-04 13:08:41.416349
47,47,Quality-focused value-added methodology,Kitchen affect resource happen operation late suffer.,1992-02-22 18:25:30.310365,2014-01-23 21:13:08.521144
48,48,Sharable intermediate parallelism,Author hair blood result dog network eat key.,1979-03-07 22:14:32.474918,2018-01-11 17:33:49.613086
49,49,De-engineered coherent collaboration,Exist white ten letter take detail interesting agree.,1996-09-25 23:08:17.093296,1975-04-25 10:04:10.904984
50,50,Ergonomic full-range artificial intelligence,Whose economic white feeling shoulder employee house.,2020-05-26 06:19:46.757525,1998-05-22 14:07:24.692395
51,51,Programmable client-server software,Around the pull position.,1981-10-15 00:45:16.808139,1985-06-13 13:07:13.323384
52,52,Organic 4thgeneration artificial intelligence,Republican surface any many serve manager talk.,2014-09-01 06:52:13.320215,1978-08-06 22:05:34.657519
53,53,Progressive maximized capability,Impact summer reduce.,1976-05-27 23:44:14.348917,1973-11-18 08:39:36.461604
54,54,Compatible mobile infrastructure,Everything offer parent may very want administration notice.,2006-03-31 00:36:41.797560,1970-01-08 07:15:25.561720
55,55,Intuitive encompassing intranet,Maybe worry everybody buy industry sport man wife.,2017-06-01 22:32:49.605690,1994-03-19 06:19:47.618363
56,56,Customizable clear-thinking matrices,Sell then available type east.,2009-06-16 21:03:38.083041,1972-08-20 12:28:23.954050
57,57,Universal intangible process improvement,Candidate religious cover before into.,2016-09-11 18:28:55.551810,2004-09-25 23:53:55.755967
58,58,Automated client-driven analyzer,Pressure scene image blue and full store.,2023-05-21 16:24:44.031719,1971-05-22 23:33:24.694908
59,59,Synergistic asynchronous Internet solution,Theory pick enough involve option price respond interest.,2021-07-23 04:01:58.346876,1981-04-12 21:24:34.093988
60,60,Managed next generation workforce,Voice fall word.,2000-05-11 14:03:34.786057,1980-11-03 17:59:36.121128
61,61,Reverse-engineered composite collaboration,Notice particularly job will cover religious professor.,1994-03-27 11:06:57.300867,1972-03-31 19:29:12.209821
62,62,Implemented heuristic circuit,Save maybe experience main sense decide prove.,2016-07-11 17:18:01.130260,1976-11-02 19:11:54.533098
63,63,Ergonomic clear-thinking firmware,Throughout reach food community offer rest cold.,2003-04-29 15:07:12.414000,2003-02-11 14:55:58.304688
64,64,Multi-lateral logistical Internet solution,Picture party explain character total customer tree.,1988-11-08 00:48:40.299066,2013-10-28 19:46:30.582592
65,65,Sharable non-volatile adapter,Class hot boy real method choice worry.,1981-11-23 23:20:08.774408,1976-01-03 20:29:34.591307
66,66,Function-based systemic interface,Body could administration our four wait.,1992-12-11 08:31:54.709422,1996-10-15 19:38:37.308207
67,67,Open-source maximized customer loyalty,Act talk look myself actually.,2011-10-30 18:58:44.439252,2009-03-07 18:10:13.184891
68,68,Up-sized optimal architecture,Everybody himself build if.,2013-01-06 11:32:06.865734,2004-08-21 20:53:04.281593
69,69,Face-to-face cohesive infrastructure,Film sing foreign space experience five opportunity.,1993-05-23 23:27:06.001783,1975-09-15 12:02:43.293854
70,70,Exclusive background methodology,Clearly better medical coach arm.,1995-10-29 23:10:05.746726,1971-03-22 17:51:27.441948
71,71,Public-key mobile paradigm,Ground respond land condition sport.,2015-03-27 10:30:22.390837,1993-12-21 07:38:49.817439
72,72,Managed background secured line,Performance animal seek.,1992-05-20 05:37:56.232815,1994-08-26 09:15:03.927490
73,73,Right-sized directional benchmark,Difference any parent cell technology college table.,1984-08-05 18:32:08.376632,1995-07-19 03:29:12.914849
74,74,Operative transitional flexibility,Operation provide whose Congress long go decade leave.,2021-07-16 15:53:37.187513,1992-05-07 08:15:15.687305
75,75,Future-proofed non-volatile artificial intelligence,Social white they.,2023-04-12 11:51:11.575604,2015-08-07 13:25:25.892437
76,76,Quality-focused 5thgeneration framework,True music past.,1978-06-12 16:07:12.204000,2021-04-25 15:54:11.479669
77,77,Integrated zero-defect initiative,Base week marriage fill.,2004-09-09 23:23:03.358322,1990-04-27 05:03:58.604753
78,78,Enterprise-wide real-time attitude,Green whole student east meeting past.,2004-11-28 21:33:38.879593,2016-02-01 08:33:26.156654
79,79,Configurable solution-oriented project,No only detail leader.,1984-01-09 22:03:37.182401,2002-03-03 18:23:48.081135
80,80,Team-oriented mobile array,Military challenge sound success nation green.,1985-03-16 10:32:49.100790,2023-11-29 22:41:39.526631
81,81,Cloned local contingency,Gun save course allow here sort each.,1994-03-20 15:33:57.357618,1989-03-21 14:40:32.936385
82,82,Re-contextualized multi-state collaboration,For yes civil.,1988-11-23 16:28:32.295760,1997-02-05 14:44:53.551479
83,83,Implemented clear-thinking open system,Threat democratic free guy.,2018-12-15 04:02:23.523146,1972-12-03 01:19:33.991163
84,84,Virtual upward-trending definition,Lot of open car.,1986-06-03 22:20:00.229107,1999-05-30 15:37:42.877850
85,85,Optional 24/7 website,Indicate few push radio have value radio.,2022-04-17 06:38:17.522974,1982-08-11 15:49:10.908412
86,86,Robust well-modulated complexity,Office decision police.,1988-02-20 07:15:25.301309,2017-11-16 04:40:05.166142
87,87,Focused intangible solution,Short sound current little fish.,2019-10-13 04:25:59.316969,1972-08-20 03:29:32.062140
88,88,Reactive value-added superstructure,Apply million read exactly news project.,2010-07-19 12:13:14.231972,1987-11-18 17:05:05.134119
89,89,Streamlined mission-critical data-warehouse,Woman strategy including might church.,2015-06-09 05:39:10.409398,1994-01-14 01:22:17.295195
90,90,Open-architected composite orchestration,Must charge especially.,1999-11-16 22:38:34.750374,1994-12-19 23:39:37.597403
91,91,Decentralized systematic benchmark,Thank eight song.,1976-07-11 01:59:06.756389,2012-05-17 03:55:23.574133
92,92,Future-proofed discrete Internet solution,During current recognize environment not time subject push.,1976-01-31 03:53:33.248565,2006-04-13 17:22:31.981030
93,93,Progressive client-driven synergy,Thing nice painting.,2022-10-09 18:55:21.639535,1980-07-06 09:54:44.537867
94,94,Stand-alone heuristic migration,These boy in main stand.,1977-05-03 01:23:54.930478,2009-08-03 00:56:17.627999
95,95,Multi-lateral 5thgeneration encoding,Describe expect remain individual.,1970-11-09 22:13:47.244183,1974-08-28 12:30:26.830078
96,96,Team-oriented national throughput,Art look apply positive force cause.,1978-09-26 16:52:12.140451,2007-10-12 13:06:41.345974
97,97,Proactive composite forecast,Hundred ahead as woman those marriage.,1985-01-29 01:00:34.425300,1977-01-01 11:28:57.713394
98,98,Grass-roots maximized policy,Apply want morning.,1981-11-10 08:51:25.638782,1988-12-06 16:02:12.441418
99,99,Assimilated tangible paradigm,Old maintain measure price case realize talk win.,1995-01-03 06:52:30.638245,1978-05-07 16:45:22.238720
100,100,Front-line global capability,Everyone yourself cultural daughter so.,2004-09-12 23:40:50.365479,1983-02-12 02:01:38.314385
