comment_id,blog_id,user_id,content,created_at,updated_at
1,26,22,Ten cost international part long finally.,1985-10-17 21:24:42.057951,2016-05-11 06:45:46.771036
2,46,15,Drug ahead throughout join above.,1972-08-18 01:14:24.959125,2020-09-20 04:32:35.745929
3,63,68,Use century me miss staff.,1989-09-07 23:55:02.347823,2021-04-02 19:56:09.028707
4,22,59,Put become mind do century sound produce.,1973-01-31 23:57:09.146366,2010-04-11 16:42:43.737088
5,27,27,Accept peace owner sister country.,1977-10-31 23:00:02.757349,1980-11-11 09:22:32.144721
6,40,1,Couple six smile push standard continue measure.,1982-03-25 21:59:23.597206,1987-08-24 08:35:00.819703
7,7,39,Put movie security provide able family test.,2010-09-22 08:34:52.864670,2010-06-13 03:38:53.616545
8,63,11,True ready base growth fund consumer.,1975-02-16 06:35:47.648669,1976-04-07 14:23:51.010896
9,77,68,Course second author notice paper raise professional.,2006-02-15 06:46:52.522828,1993-10-27 17:46:41.663800
10,4,78,Play condition price husband day hope put.,1977-07-25 12:34:00.990633,1995-09-16 02:55:17.741611
11,97,63,Where score majority range turn staff idea would.,1973-02-16 08:26:54.174736,1984-08-07 20:53:14.424286
12,4,33,Think hand perform popular focus sit recognize.,2011-06-02 08:11:44.110063,2012-02-06 08:08:27.445470
13,92,95,Common factor often identify assume bank perform hold.,2011-07-03 01:17:27.747526,1975-02-11 23:12:38.831807
14,58,28,Rule usually collection.,1979-12-01 03:59:51.017211,2010-12-07 06:25:09.292728
15,26,86,Young learn thus position whole.,1985-04-22 11:20:51.110383,2006-09-01 05:39:51.275545
16,52,47,Nothing modern when woman.,2021-01-26 00:11:06.433771,2000-06-26 21:00:15.732564
17,100,74,Thousand improve last explain.,1994-01-24 14:24:58.523424,2004-08-03 14:22:00.608696
18,57,88,Challenge describe quickly something consumer arm.,1997-11-17 04:30:54.463375,1984-10-22 00:44:21.927991
19,42,8,Next create free religious involve degree.,2016-07-09 21:06:51.850356,2011-02-23 14:11:15.039009
20,36,38,Enter today perform water memory.,1997-10-11 08:34:56.714887,1978-03-01 03:53:11.125392
21,88,61,Task goal gas return people somebody.,2022-11-04 10:14:08.691139,1975-07-21 11:03:59.982641
22,23,9,May hit look.,2001-11-08 02:35:37.109935,2003-08-06 08:27:30.070829
23,37,61,Pressure but leave miss bring.,1977-10-29 09:35:48.340753,2013-01-03 22:24:14.859143
24,48,89,Gun month blood along necessary.,2008-06-24 21:34:45.764680,1987-02-20 07:16:16.642313
25,24,16,Event movement all lay.,2010-05-13 19:59:53.963682,1980-05-22 13:25:03.879118
26,62,2,Person girl take enough member.,2020-03-03 10:30:19.424804,2003-05-09 14:02:36.470413
27,4,34,Full whose better front south property.,2005-01-14 21:40:02.212486,1972-12-03 04:31:29.341515
28,99,26,Artist avoid foreign have before.,2007-11-24 16:13:36.993258,2010-08-13 11:37:38.944772
29,47,60,Direction focus popular today media hair.,2018-11-11 09:22:41.659677,1984-09-26 01:14:40.181985
30,75,86,Then offer mother administration yet.,2018-08-16 04:35:50.929233,1986-03-05 05:21:36.250678
31,8,86,Exist professional answer military mouth cold.,1975-09-05 11:00:21.885704,2014-01-10 18:41:42.857099
32,12,12,Resource baby level which represent.,2012-09-21 09:02:41.803601,1992-03-02 02:40:45.667041
33,9,33,Evidence pick lot his she benefit game.,2021-02-18 05:33:30.403437,2018-11-01 14:52:21.459583
34,36,12,Human including vote during own young.,2018-06-25 22:30:56.022645,1976-09-16 16:54:31.722074
35,29,10,Relationship under possible time.,2022-09-20 22:44:48.071897,1980-04-22 17:19:31.064836
36,31,58,Example successful forward mention example.,2009-03-20 07:54:26.141294,1971-02-26 08:31:51.216432
37,78,7,Less represent police.,2021-11-25 06:49:35.053801,1992-02-01 20:04:46.298882
38,80,93,Other think our national blood energy.,2014-08-25 11:34:13.600127,2006-11-08 20:38:28.126035
39,80,44,Someone middle least expect kitchen dog.,2000-09-20 22:56:21.316427,1988-07-07 17:29:18.846440
40,90,19,Single one occur data industry car five.,1978-04-01 07:07:55.068570,1984-06-13 14:57:24.013325
41,85,8,Memory memory sound.,1989-04-29 17:52:58.268626,1985-02-03 07:55:54.090097
42,85,67,Heavy including effect meeting well watch morning.,2019-10-15 04:10:00.412644,1977-02-23 03:03:43.383429
43,16,72,Feeling its nor child environmental really.,1974-09-06 09:45:09.465788,2021-08-20 12:39:12.035965
44,97,49,Cold third very late.,1983-07-23 11:32:46.113921,2006-11-09 23:57:41.658884
45,34,86,Need hospital test resource plant fear inside.,2020-03-15 13:36:16.791896,2019-04-23 22:56:45.870680
46,86,18,Job fill away prepare do our him.,2004-09-16 19:17:19.246318,1980-11-15 05:16:52.402314
47,44,44,Couple clearly project government.,1997-10-10 02:28:04.932695,2008-10-31 22:32:32.209138
48,15,92,Discussion education such seem film.,1974-05-10 04:13:35.098644,2009-03-25 08:06:52.478775
49,32,32,Would fine simply staff.,1984-08-06 12:29:27.518802,1994-07-06 06:28:16.031966
50,72,90,Figure civil phone indicate happy hour dinner.,1994-06-18 09:36:47.197274,2011-02-08 04:15:56.522414
51,76,85,Pay help culture alone another.,1991-07-07 10:02:25.485639,2015-03-24 20:08:22.915172
52,52,30,Onto bit section.,2023-06-07 01:02:46.376153,1985-07-04 21:46:29.562128
53,97,88,Program relationship decade move.,2017-11-06 01:16:15.246381,2022-06-23 06:12:57.111801
54,3,57,Then inside region mean.,1983-11-16 05:32:42.084788,1983-06-03 04:45:37.972256
55,15,50,Week get will do better half economic.,1970-08-04 19:30:44.828291,2010-04-12 07:21:19.865463
56,5,4,Score development hard key election authority arrive.,1978-12-15 00:44:21.171045,2010-10-22 06:33:14.747432
57,77,90,Great that lead business.,1988-02-01 10:50:23.177791,1997-11-05 22:24:48.540295
58,65,78,Really public particularly often.,1983-08-20 12:51:39.666809,2000-05-30 16:11:27.370475
59,22,36,Suggest thank around still still.,1995-05-01 01:51:04.517805,1979-05-19 10:21:57.206874
60,49,82,Tell suffer travel perhaps.,1970-06-07 23:33:05.134358,1975-02-19 01:25:54.434704
61,65,17,Popular my recent population next prepare.,1996-02-19 02:42:39.417336,2022-08-10 15:05:05.743543
62,69,39,Possible many growth number control left.,1978-04-27 09:55:08.712433,2021-09-19 14:44:46.203044
63,45,41,Recent people television Republican animal economy human.,1991-08-04 19:58:33.092661,1981-03-23 01:25:20.562762
64,45,26,Base example court.,1985-05-29 23:43:36.242016,2014-06-27 08:27:37.411358
65,7,29,Yes institution than woman sing shake.,1991-08-12 22:33:31.562291,1991-05-26 14:55:14.896769
66,100,23,Consumer hour from there contain.,2018-02-07 05:15:21.359823,1976-05-23 03:15:10.251442
67,7,65,Later tend exist election already.,2005-11-25 09:30:08.180314,2023-08-22 04:40:45.805848
68,23,27,Top for four Congress today step minute.,2020-11-30 15:24:24.287538,1992-02-23 00:31:13.692458
69,18,4,Address blood reach difference cover partner attention.,1999-03-04 00:56:15.835419,2018-01-19 01:41:09.741252
70,73,65,Lead difference almost time benefit.,1993-12-29 06:51:57.209314,2022-05-03 20:29:59.826807
71,58,19,Apply family example politics pay nearly.,2006-03-13 15:52:10.214239,1977-04-19 10:34:51.637018
72,82,39,Financial probably early against.,1973-08-26 07:15:32.118545,2005-09-12 19:40:58.449214
73,10,36,Democratic dinner ahead clear.,2015-05-07 02:28:46.016916,1990-06-05 17:55:52.463673
74,17,8,Meeting you discussion nice join interview step.,1981-11-17 07:27:45.420551,1975-05-05 15:36:33.414337
75,36,34,Blue total degree measure.,1987-06-17 10:33:14.802891,1999-02-15 19:19:28.830314
76,53,35,Worker degree rather still rise.,2007-05-18 09:12:12.157531,2020-04-26 11:59:50.509474
77,8,44,Positive approach sometimes require beat call.,1999-10-29 01:37:52.850535,2001-12-30 13:04:27.962493
78,41,17,Test concern check improve wait director.,1971-02-20 18:22:53.596713,2012-02-29 07:55:22.918547
79,21,53,Investment bag road show.,2006-12-25 02:59:35.966352,2014-09-23 04:54:33.211362
80,89,12,Dream big development Mrs before.,2020-03-23 05:04:50.928540,2005-10-18 05:50:49.571475
81,28,72,Meeting sometimes card new.,1997-03-24 11:34:18.979933,1970-08-18 17:33:49.553798
82,52,34,Drive late ability wall final hot perform.,2012-07-14 22:04:08.220680,2022-09-07 20:33:02.782330
83,77,2,Offer owner record attention per strong window.,1972-05-17 00:28:10.783438,2022-07-20 13:01:16.634117
84,35,87,Bed region speak according.,1984-02-24 02:23:33.353178,2022-10-24 04:58:05.008604
85,7,82,Crime cultural back.,1979-03-20 10:19:47.761202,2012-01-23 18:22:30.512694
86,17,35,Memory instead hospital occur international.,2010-06-30 05:17:18.014166,2017-01-08 22:45:31.701938
87,29,95,Worry goal officer available weight.,2015-01-26 04:24:00.838772,1978-01-07 18:19:00.870922
88,58,30,Design middle cultural first inside.,1995-08-21 20:06:52.335494,2015-12-03 21:02:53.796388
89,60,68,Worry area long budget continue sister.,1981-04-12 03:00:37.828013,2004-12-20 01:57:44.136682
90,18,33,Type light person direction more country.,2022-06-08 15:58:03.970283,2011-12-29 02:23:34.948048
91,13,15,Yard attention likely shoulder fund spring.,1970-03-23 00:47:47.570493,2020-11-15 22:00:45.980904
92,17,5,Cold last face day single thousand painting source.,1971-01-06 14:44:59.485138,1988-05-15 19:33:34.138595
93,61,17,Memory establish decade side.,2015-05-13 19:26:29.484124,1978-06-01 22:48:10.018271
94,41,54,Establish report method process.,2021-12-12 06:44:02.724851,1998-02-03 02:19:31.840028
95,14,7,Rule rate chair right through option then.,1997-03-22 06:15:28.541752,1992-02-22 20:20:09.336430
96,50,48,Back pick particularly threat newspaper play onto.,2019-04-28 09:30:16.875458,2010-08-27 19:36:26.295502
97,4,41,Only ready this world change player.,1991-07-24 01:52:05.823033,2004-04-20 18:41:34.719412
98,5,37,Within include player always decide.,2008-03-26 19:00:26.789156,1972-04-27 01:59:45.961839
99,40,89,Specific of we particularly simple dream.,1989-12-12 22:49:58.907266,2004-03-22 06:57:38.219354
100,67,11,Space term woman both environment course how.,1980-06-25 05:16:44.633885,1979-04-14 23:55:52.693301
